Title,Status,Director,Country,Year of Production,Duration,Total Episodes,Quality,Language,Genre,Views,Description
Lúc đó tôi đã chuyển sinh thành Slime: Tóm tắt mùa 2 trong một tiếng,Hoàn Tất (1/1),,Nhật Bản,2024,44 phút/tập,1 tập,HD,Vietsub,"Viễn Tưởng, Phiêu Lưu, Hoạt Hình",21,"Trong mùa 2 của bộ phim ""Lúc đó tôi đã chuyển sinh thành Slime"", Limuru tiếp tục hành trình xây dựng đất nước lý tưởng cho con người và quái vật. Tuy nhiên, sự thù địch vẫn tồn tại trong thế giới này. Rimuru, người anh hùng chính của câu chuyện, sẽ phải đối mặt với những thách thức mới và tìm cách giải quyết để bảo vệ lý tưởng của mình."
Re:Monster,Tập 5,,Nhật Bản,2024,,12,HD,,"Hành Động, Viễn Tưởng, Phiêu Lưu, Khoa Học, Hoạt Hình",1992,"Re:Monster là một bộ phim anime dựa trên light novel cùng tên của Takuya Sato. Cốt truyện xoay quanh Tomokui Kanata, một người đã chết đột ngột và được tái sinh thành một con goblin thấp kém. Tuy nhiên, anh ta có khả năng mới cho phép anh ta trở nên mạnh mẽ hơn khi ăn uống nhiều hơn. Với sức mạnh mới này, Tomokui Kanata trở thành lãnh đạo của bọn goblin và bắt đầu chinh phục thế giới kỳ diệu mới này. Với sự kết hợp của ký ức quá khứ, cơ thể mới và dạ dày mạnh mẽ, anh ta đang khám phá thế giới mới này một cách không ngờ!"
Kurayukaba,Tập 2,,Nhật Bản,2024,61 phút/tập,? tập,HD,Vietsub,"Viễn Tưởng, Hoạt Hình",10,"Phim Kurayukaba (クラユカバ) kể về cuộc phiêu lưu của cô gái trẻ Yui, người bị cuốn vào một thế giới kỳ bí và đầy nguy hiểm sau khi tình cờ nhặt được một chiếc ổ khóa cổ xưa. Trong chuyến hành trình khám phá thế giới mới, Yui đã gặp gỡ những người bạn đồng hành đáng yêu và dũng cảm, đồng thời phải đối diện với những thử thách khó khăn từ các sinh vật quái dị và các thế lực ác độc. Liệu Yui có thể giải mã bí ẩn của chiếc ổ khóa để trở về thế giới hiện tại hay không? Đón xem Kurayukaba để khám phá câu chuyện hấp dẫn này!"
"Chuyển sinh thành đệ thất hoàng tử, tôi quyết định tự do tự tại trau dồi ma thuật",Tập 5,,Nhật Bản,2024,,12,HD,,"Viễn Tưởng, Khoa Học, Hoạt Hình",501,"Hoàng tử Lloyd không phải lúc nào cũng là hoàng tử... Trong kiếp trước, anh nhớ rõ mình là một pháp sư. Vì vậy khi bị tái sinh, anh quyết định tiếp tục học tập, dù có là hoàng tử hay không! Nhưng cuộc sống mới của anh cũng đầy thách thức... bao gồm việc trở thành một cậu bé 10 tuổi! Liệu hoàng tử/pháp sư thứ 7 này sẽ làm gì?!"
Mục Trung Vô Nhân 2: Dùng Mắt Trả Mắt ,Full,,Trung Quốc,2024,90 Phút,1,HD,Vietsub,"Hành Động, Chính kịch",75,"""Mục Trung Vô Nhân 2: Dùng Mắt Trả Mắt"" là một bộ phim hành động chính kịch đầy kịch tính. Phim xoay quanh câu chuyện về Thành Hạt Tử, một người mù có võ nghệ siêu phàm, và Trương Tiểu Ngư, một cậu bé trẻ mồ côi sau khi gia đình anh bị sát hại. Thành Hạt Tử đã cứu sống Tiểu Ngư và dạy cho cậu những kỹ năng võ thuật để chuẩn bị cho cuộc trả thù.

Dưới sự thúc giục của Tiểu Ngư, Thành Hạt Tử không thể từ chối giúp đỡ cậu bé trong việc tìm ra kẻ thủ ác gây ra bi kịch cho gia đình anh. Hai nhân vật chính này đã cùng nhau hợp tác, rèn luyện và chiến đấu để hoàn thành nhiệm vụ trả thù.

Với những pha hành động mãn nhãn, tình tiết gay cấn và sự phát triển của các nhân vật, ""Mục Trung Vô Nhân 2: Dùng Mắt Trả Mắt"" hứa hẹn mang lại cho khán giả những phút giây giải trí sôi động và không ngừng căng thẳng."""
Vây Hãm: Không Lối Thoát,Full,Lee Sang-yong,Hàn Quốc,2023,105 Phút,1,HD,Vietsub,"Hành Động, Hình Sự",3704,"Quái vật cơ bắp Seok-do (Ma Dong Seok) dẫn đầu đội hình sự truy lùng đường dây buôn chất cấm của thiếu gia Joo Seong Cheol. Cuộc truy đuổi càng thêm gay cấn khi cú đấm công lý ""chú Ma"" chạm trán thanh kiếm lừng lẫy chốn giang hồ Nhật Bản."
Mushoku Tensei: Jobless Reincarnation Season 2,Tập 4,,Nhật Bản,2024,,? tập,HD,,"Phiêu Lưu, Viễn Tưởng, Hoạt Hình",511,"Phim Mushoku Tensei: Jobless Reincarnation Season 2 tiếp tục câu chuyện về Rudeus Greyrat, một người đàn ông trẻ tuổi tái sinh vào một thế giới khác sau khi chết ở thế giới hiện tại. Trong season này, Rudeus và những người bạn của anh bắt đầu hành trình mới để tìm kiếm sự thật về quá khứ và tương lai của họ. Họ phải đối mặt với nhiều thử thách và nguy hiểm trên đường đi, nhưng qua đó họ cũng trưởng thành và học được nhiều bài học quý giá từ những trải nghiệm đầy kỳ diệu này. Đồng thời, Rudeus cũng dần khám phá ra sức mạnh tiềm ẩn trong mình và dần trở thành một chiến binh mạnh mẽ để bảo vệ những người anh yêu quý."
Kaiju No. 8,Tập 3,,Nhật Bản,2024,,12,HD,,"Phiêu Lưu, Hành Động, Viễn Tưởng, Hoạt Hình",1616,"Trên một thế giới bị quấy rối bởi những sinh vật được biết đến là Kaiju, Kafka Hibino khao khát gia nhập Lực lượng Phòng vệ. Anh ta hứa sẽ gia nhập cùng với bạn thời thơ ấu của mình, Mina Ashiro. Sớm sau, cuộc sống dẫn họ theo những con đường riêng biệt. Trong khi làm việc dọn dẹp sau các trận chiến với Kaiju, Kafka gặp Reno Ichikawa. Sự quyết tâm của Reno để gia nhập Lực lượng Phòng vệ đánh thức lại lời hứa của Kafka để gia nhập cùng Mina và bảo vệ loài người."
THE NEW GATE,Tập 3,,Nhật Bản,2024,,12,HD,,"Hành Động, Phiêu Lưu, Hoạt Hình",1106,"Trong trò chơi trực tuyến THE NEW GATE, cuộc sống và cái chết trở thành một cuộc chiến đấu cho người chơi. Nhờ vào nỗ lực dũng cảm của Shin, người mạnh nhất trong số họ, việc kết thúc trò chơi và tự do cho mọi người dường như đã trong tầm tay. Nhưng chỉ vài phút sau khi Shin đánh bại boss cuối cùng của trò chơi, anh ta bị tắm trong ánh sáng không rõ nguồn gốc và được di chuyển khoảng 500 năm vào tương lai của thế giới trong game. Bị đẩy từ một trò chơi đơn giản sai lầm vào một vùng đất mới lạ, một kiếm sĩ trẻ mạnh nhất không ai sánh kịp sẽ bắt đầu hành trình huyền thoại!"
Tà Khúc Triệu Vong,FULL,Han Dong-seok,Hàn Quốc,2024,120 phút,1 Tập,HD,Vietsub,Kinh Dị,1750,"Tà Khúc Triệu Vong là bộ phim kinh dị gây sốc với điệu múa gọi hồn đầy tâm linh. Câu chuyện xoay quanh nữ diễn viên có khả năng triệu hồi quỷ dữ thông qua nghi thức cấm. Ngôi trường bí ẩn bị bỏ hoang trở thành nơi diễn ra những án mạng đầy kinh hoàng và sự kiện kỳ lạ. Những điều không thể giải thích được dần dần hé lộ, khiến cho khán giả không ngừng rùng mình trước sự ma quái và u ám của bộ phim này."
Gặp Lại Chị Bầu,FULL,,Việt Nam,2024,,,FHD,,Tình Cảm,6299,"Phúc là một chàng trai trẻ mồ côi từ nhỏ và phải đối mặt với cuộc sống đầy thách thức. Trong một lần không trả được nợ, Phúc bị một nhóm người cho vay truy đuổi và tình cờ rơi xuống sông. Mặc dù anh đã may mắn sống sót, song anh đã bị lạc vào quá khứ vào năm 1997. Ở thời điểm đó, Phúc gặp gỡ và yêu mến Ngọc Huyền, một cô gái tốt bụng nhưng lại giấu đi nhiều bí mật. Phúc và những người bạn ở nhà trọ của bà Lê đã cùng nhau trải qua những khoảnh khắc vui vẻ và ý nghĩa nhất của tuổi trẻ."
Yêu Cuồng Loạn,Full,Rose Glass,"Âu Mỹ, Anh",2024,104 Phút,1,HD,Vietsub,Hình Sự,1298,"Phim Yêu Cuồng Loạn (Love Lies Bleeding) xoay quanh cuộc tình phức tạp giữa nữ quản lý phòng tập Lou (Kristen Stewart) và vận động viên thể hình Jackie (Katy O’Brian). Lou là một người phụ nữ mạnh mẽ, có vẻ ngoài lạnh lùng nhưng lại bị cuốn hút bởi sự tham vọng và sức hấp dẫn của Jackie.

Cuộc tình mới chớm nở giữa họ không chỉ mang lại niềm hạnh phúc mà còn kéo theo chuỗi rắc rối đầy máu và tội phạm. Lou bị cuốn vào thế giới nguy hiểm của gia đình tội phạm khét tiếng, khiến cô phải đối diện với những quyết định khó khăn và nguy hiểm.

Với sự xuất sắc trong diễn xuất của Kristen Stewart, Katy O'Brian và Ed Harris, bộ phim Yêu Cuồng Loạn mang lại cho khán giả những cung bậc cảm xúc từ tình yêu, đau khổ cho đến sự lo lắng và căng thẳng. Mỗi tập của câu chuyện này là một điều bất ngờ mới, khiến người xem không thể rời mắt khỏi màn hình."
Lúc Đó Tôi Đã Chuyển Sinh Thành Slime (Phần 3),Tập 4,,Nhật Bản,2024,,?,HD,,"Hành Động, Hài Hước, Viễn Tưởng, Phiêu Lưu, Khoa Học, Hoạt Hình",1493,"Anh chàng Satoru Mikami, 37 tuổi, FA nhiều năm với cuộc sống nhàm chán và buồn tẻ. Nhưng một ngày, anh bị cướp tấn công và chết. Thay vì kết thúc cuộc đời không vui, anh tỉnh dậy trong một thế giới mới dưới hình dạng quái vật slime. Với sức mạnh mới, Mikami khám phá thế giới và gặp gỡ những sinh vật khác. Cuộc sống mới của anh bắt đầu từ đó, khi anh trải qua những cuộc phiêu lưu đầy kỳ diệu trong thế giới mới này."
City Hunter,Full,Yuichi Satoh,Nhật Bản,2024,102 Phút,1,HD,Vietsub,"Hài Hước, Bí ẩn",1593,"Vừa là tay thiện xạ xuất chúng, vừa cũng là trai hư ""hết thuốc chữa"", thám tử tư Saeba Ryo bất đắc dĩ liên minh với em gái của người cộng sự quá cố để điều tra cái chết của anh ấy."
Người mẫu thời trang nữ 2,Full,Sun Shuai,Trung Quốc,2018,1H13M44S,1,HD,Vietsub,Tình Cảm,660,"Phim Người mẫu thời trang nữ 2 (The Dreamer on the Catwalk 2) kể về hành trình của cô gái trẻ Sun Shuai, người đã từ bỏ công việc ổn định để theo đuổi đam mê làm người mẫu thời trang. Với sự hỗ trợ từ bạn bè và gia đình, Sun Shuai đã vượt qua những khó khăn, thách thức để thành công trong ngành công nghiệp này. Bộ phim không chỉ tập trung vào cuộc sống cá nhân của Sun Shuai mà còn lồng ghép những yếu tố về tình bạn, gia đình và lòng kiên nhẫn, quyết tâm giúp cô hoàn thiện bản thân và chinh phục ước mơ của mình."
Người tình thưởng tiền,Full,Wu Sheng Ji,Trung Quốc,2017,1H14M38S,1,HD,Vietsub,Tình Cảm,323,"Bộ phim Người tình thưởng tiền kể về câu chuyện tình yêu giữa cô gái xinh đẹp và một chàng trai nghèo. Họ đã gặp nhau trong một lần tình cờ và từ đó, tình cảm của họ dần trở nên mạnh mẽ hơn. Tuy nhiên, sự xuất hiện của người bạn trai giàu có đã khiến cho cuộc tình này gặp nhiều khó khăn. Liệu họ có thể vượt qua được mọi thử thách để ở bên nhau hay không? Đón xem Người tình thưởng tiền để khám phá câu trả lời!"
My Zombabe,Full,Bobby Bonifacio,Philippines,2024,105 Phút,1,HD,Vietsub,"Hài Hước, Kinh Dị",1018,"Trong một thế giới đầy zombie, Pong trở thành người cô đơn nhất trên hành tinh. Mọi thứ thay đổi khi Yasmin xuất hiện, một phụ nữ xinh đẹp đang dần biến thành zombie. Hai người bắt đầu có mối quan hệ đặc biệt, gặp nhau trong hoàn cảnh khó khăn nhưng vẫn tìm được niềm vui và sự ấm áp. My Zombabe là câu chuyện về tình yêu và hy vọng giữa hai con người trong bối cảnh hậu tận thế, được diễn xuất bởi Empoy Marquez, Kim Molina, Yanyan de Jesus và Bobby Bonifacio."
Tôi là nữ nô tỳ sát thủ,Full,Shi Mu Fan,Trung Quốc,2017,1H4M42S,1,HD,Vietsub,Tình Cảm,801,"Tôi là nữ nô tỳ sát thủ (Killer Maid) kể về Đổng Tư Di, một cô gái trẻ được thuê làm người hầu cho gia đình Jin Yong San. Tuy nhiên, bí mật đen tối của cô là cô là một sát thủ chuyên nghiệp với tên Ma Wei Ning. Khi Jin Yong San phát hiện ra sự thật này, anh đã bị sốc và không tin vào Đổng Tư Di. Dần dần, họ đã phải đối diện với những khó khăn và hiểm nguy từ quá khứ của Ma Wei Ning. Tình tiết quan trọng của phim xoay quanh việc Đổng Tư Di phải giữ bí mật về quá khứ của mình trong khi cố gắng bảo vệ Jin Yong San và gia đình anh khỏi những nguy hiểm xung quanh."
Tôi là đại minh tinh,Full,,Trung Quốc,2017,1H19M7S,1,HD,Vietsub,"Hành Động, Tình Cảm",248," nhóm bạn thân của mình bắt đầu cuộc hành trình tìm kiếm danh tiếng và thành công trong ngành giải trí. Yan Wei, một cô gái trẻ đầy nhiệt huyết, đã phải vượt qua nhiều khó khăn và thử thách để trở thành một minh tinh hàng đầu. Trên con đường đi tìm ánh sáng cho ước mơ của mình, Yan Wei đã phải đối mặt với sự ganh ghét, ghen tức từ những kẻ muốn hạ bệ cô. Nhưng với lòng kiên trì và quyết tâm, cùng với sự giúp đỡ từ bạn bè, Yan Wei đã chứng minh rằng bản lĩnh và niềm tin vào chính mình mới là chìa khóa để thành công trong cuộc sống."
Người đẹp phong hỏa biên phòng,Full,Lao Hu,Trung Quốc,2017,1H1M26S,1,HD,Vietsub,"Hành Động, Chiến Tranh",235,"Phim ""Người đẹp phong hỏa biên phòng"" là một bộ phim hành động chiến tranh xoay quanh cuộc đời của ba người phụ nữ dũng cảm: Shao Pei, Fei Er và Haiyan Xu Lao Hu. Ba người phụ nữ này đã cùng nhau tham gia vào cuộc chiến chống lại kẻ thù để bảo vệ quê hương của mình.

Shao Pei là một nữ binh sĩ tài năng, luôn dũng cảm và kiên định trong mọi trận đấu. Fei Er là một nữ điệp viên tinh nhuệ, có khả năng xâm nhập vào lãnh thổ của kẻ thù và thu thập thông tin quan trọng. Haiyan Xu Lao Hu là một lính cứu hoả xuất sắc, luôn sẵn sàng hy sinh để cứu người dân khỏi nguy hiểm.

Ba người phụ nữ này đã cùng nhau chiến đấu, vượt qua khó khăn và thử thách để giành chiến thắng cho quê hương. Bằng lòng kiên trì, dũng cảm và tinh thần đoàn kết, họ đã chứng minh rằng không có gì là không thể khi con tim hướng về mục tiêu cao cả. Phim ""Người đẹp phong hỏa biên phòng"" không chỉ là câu chuyện về những người phụ nữ dũng mãnh, mà còn là bài học về lòng yêu nước và tinh thần tự do."
Người yêu ảo,Full,Wu Qiong,Trung Quốc,2018,1H2M45S,1,HD,Vietsub,"Tình Cảm, Tâm Lý, Gia Đình",223,"Phim Người yêu ảo kể về câu chuyện của Tingting Yu, một cô gái trẻ đang gặp khó khăn trong tình yêu. Cô đã tìm đến dịch vụ tạo hình ảnh người yêu ảo và gặp được Ma Yan, một chàng trai lịch lãm và thông minh. Hai người bắt đầu hẹn hò và phát triển mối quan hệ qua màn hình. Tuy nhiên, khi Ma Yan bắt đầu thay đổi và có những biểu hiện lạ lùng, Tingting phải tự mình điều tra để khám phá sự thật đằng sau con người ảo này. Câu chuyện còn xoay quanh những tình huống hài hước và lãng mạn giữa các nhân vật chính cùng với sự xuất hiện của nhân vật phụ Suet Lam và Wu Qiong."
Hananoi Và Triệu Chứng Tình Yêu,Tập 3,,Nhật Bản,2024,,? tập,HD,,"Tình Cảm, Hoạt Hình",934,"Hananoi Và Triệu Chứng Tình Yêu là một bộ phim hoạt hình Nhật Bản với nội dung xoay quanh câu chuyện tình yêu đầy ngọt ngào và dễ thương giữa Hananoi - một chàng trai lãng mạn và Triệu Chứng - cô gái xinh đẹp. Hananoi luôn tỏ ra rất quan tâm và chu đáo đến Triệu Chứng, anh ta luôn muốn làm cho cô gái này cảm thấy hạnh phúc.

Tuy nhiên, trong quá trình theo đuổi tình yêu của mình, Hananoi đã gặp phải không ít khó khăn và thử thách. Nhưng với sự kiên nhẫn và lòng tin vào tình yêu của mình, anh đã vượt qua mọi khó khăn để giành được trái tim của Triệu Chứng.

Phim mang đến cho người xem những cảm xúc dễ thương, ấm áp và lãng mạn. Qua câu chuyện của Hananoi và Triệu Chứng, chúng ta có thể thấy được sức mạnh của tình yêu và lòng tin vào điều kỳ diệu. Đồng thời, bộ phim cũng gợi lại trong lòng người xem những kỷ niệm về tuổi thanh xuân và những khoảnh khắc ngọt ngào trong tình yêu.

Hananoi Và Triệu Chứng Tình Yêu là một bộ phim hoạt hình đầy ý nghĩa với thông điệp về tình yêu và sự kiên trì, xứng đáng để các bạn trẻ cùng theo dõi."
Trò Chơi Của Thần,Tập 4,,Nhật Bản,2024,,12,HD,,"Viễn Tưởng, Khoa Học, Chính kịch, Hoạt Hình",748,"Trong bộ phim ""Trò Chơi Của Thần"", những vị thần tối cao có quá nhiều thời gian rảnh rỗi đã sáng tạo ra trò chơi trí não cuối cùng mang tên ""Trò Chơi Của Thần"". Nữ thần Leche đã tỉnh dậy sau một giấc ngủ dài và tuyên bố với thế giới rằng, ""Hãy đưa ra người xuất sắc nhất trong trò chơi trong thời đại này!"" Fay được đề cử để đại diện cho loài người là ""tân binh xuất sắc nhất trong những năm gần đây"". Cuộc chiến ""Trò Chơi Của Thần"" giữa hai người sẽ bắt đầu, có lẽ sẽ khá khó khăn, vì chưa từng có ai chiến thắng trong lịch sử của loài người, bởi vì các vị thần luôn ưa xảo trá, không hợp lý và đôi khi hoàn toàn không thể hiểu. Tuy nhiên, với tính chất của trò chơi, không ai muốn phí đi một cơ hội tốt và không chơi hết mình! Những cuộc chiến trí não cuối cùng của một thiên tài game thủ nam, một nữ thần đã từng tồn tại và bạn bè sẽ bắt đầu!"
Exhuma: Quật mộ trùng ma,Full,Jang Jae-hyun,Hàn Quốc,2024,,1,HD,,"Kinh Dị, Bí ẩn",121620,"Phim ""Exhuma: Quật mộ trùng ma"" của đạo diễn Jang Jae-hyun kể về một gia đình giàu có ở LA gặp phải nhiều sự kiện huyền bí và triệu tập hai pháp sư trẻ Hwa-rim và Bong-gil để cứu đứa con mới sinh. Hwa-rim phát hiện 'Tiếng gọi của Grave' từ tổ tiên gia đình, và cần giúp đỡ từ nhà phong thủy Sang-duk và người làm nghề mai táng Young-geun để khai quật ngôi mộ. Việc này không chỉ giải thoát tổ tiên mà còn khiến cho một thế lực độc ác được giải phóng, tạo ra những tình huống căng thẳng và kịch tính trong bộ phim."
Móng Vuốt Sắt,Full,Sean Durkin,"Âu Mỹ, Anh",2023,132 Phút,1,HD,Vietsub,Chính kịch,1231,"Móng Vuốt Sắt kể về câu chuyện có thật về ba anh em Von Erich, những người đã tạo nên lịch sử trong thế giới đấu vật chuyên nghiệp cạnh tranh gay gắt vào những năm đầu thập kỷ 1980. Thông qua bi kịch và thành công, dưới bóng của cha và huấn luyện viên ác độc, ba anh em Von Erich tìm kiếm sự bất tử huyền thoại trên sân khấu lớn nhất trong thể thao. Phim do Zac Efron, Jeremy Allen White, Harris Dickinson và Sean Durkin thủ vai."
Cô Ấy Rực Rỡ,Full,Xu Wei,Trung Quốc,2024,,1,HD,,"Gia Đình, Chính kịch",1624,"Bộ phim ""Cô Ấy Rực Rỡ"" (Remember Me) là một tác phẩm điện ảnh đầy cảm xúc và sâu sắc, xoay quanh câu chuyện về mối quan hệ giữa người bà tốt bụng và bao dung Kara Wai Ying-Hung và cháu gái đã mất tích 12 năm trước - Liu Haocun. Hai nhân vật này từng xa lạ nhau nhưng sau khi tái ngộ, họ dần trở nên thân thiết hơn và khám phá ra những bí mật đầy kinh ngạc.

Kara Wai Ying-Hung vào vai người bà già hiền lành, dịu dàng nhưng cũng rất mạnh mẽ. Bà là người có lòng tự trọng cao, luôn biết lắng nghe và chia sẻ yêu thương với mọi người xung quanh. Trong khi đó, Liu Haocun vào vai cháu gái của Kara Wai Ying-Hung, là một cô gái trẻ thông minh, nhanh nhạy và luôn tìm kiếm sự công bằng trong cuộc sống.

Hu Baosen cũng xuất hiện trong phim với vai trò là người bạn đồng hành của Liu Haocun, giúp cô khám phá ra nhiều điều mới lạ về quá khứ của gia đình mình.

Với cốt truyện đầy xúc cảm và sự tham gia của các diễn viên tài năng như Kara Wai Ying-Hung, Liu Haocun và Hu Baosen, ""Cô Ấy Rực Rỡ"" hứa hẹn sẽ mang lại cho khán giả những giây phút giải trí đầy ý nghĩa và suy tư. Đây chắc chắn là một bộ phim không thể bỏ lỡ trong danh sách xem phim của bạn!"
Ooi! Tonbo,Tập 3,,Nhật Bản,2024,,? tập,HD,,"Thể Thao, Hoạt Hình",594,"""Ooi! Tonbo"" là một bộ phim hoạt hình Nhật Bản nổi tiếng với cốt truyện hấp dẫn và những nhân vật đáng yêu. Phim kể về cuộc phiêu lưu của cô bé Tonbo - một cô bé có tinh thần lạc quan, dũng cảm và luôn muốn khám phá thế giới xung quanh mình.

Trong chuyến hành trình của mình, Tonbo đã gặp được nhiều người bạn mới và trải qua nhiều thử thách khó khăn. Tuy nhiên, nhờ vào sự kiên định và lòng tin vào bản thân, cô bé đã vượt qua mọi khó khăn để đạt được ước mơ của mình.

Nhân vật chính trong ""Ooi! Tonbo"" là cô bé Tonbo, một nhân vật rất dễ thương và đầy năng lượng. Cô luôn mang lại niềm vui và sự lạc quan cho mọi người xung quanh, là nguồn động viên không ngừng cho các bạn nhỏ theo đuổi ước mơ của mình.

Với câu chuyện ý nghĩa về tinh thần kiên cường, lòng dũng cảm và tinh thần đoàn kết, ""Ooi! Tonbo"" không chỉ là bộ phim giải trí mang tính giáo dục cao mà còn là nguồn cảm hứng lớn lao cho các em nhỏ trên con đường phát triển và trưởng thành."
Cay Nóng Hôi Hổi,Full,Jia Ling,Trung Quốc,2024,,1,HD,,"Hành Động, Hài Hước, Chính kịch",1755,"Trong phim ""Cay Nóng Hôi Hổi"" (Yolo), câu chuyện xoay quanh nhân vật Lê Anh, một cô gái đã sống tách biệt với xã hội trong nhiều năm. Sau khi gặp huấn luyện viên quyền anh Hao Kun, cô quyết định thay đổi cuộc sống của mình. Tuy nhiên, trở thành một võ sĩ không hề dễ dàng và Lê Anh phải đối mặt với nhiều khó khăn và thử thách. Bằng sự kiên trì và quyết tâm, cô đã vượt qua được những rào cản để đạt được ước mơ của mình. Phim mang lại thông điệp tích cực về việc không bao giờ từ bỏ và luôn tin vào khả năng của bản thân. Đồng thời, diễn xuất xuất sắc của Jia Ling, Lei Jiayin và Li Xueqin đã tạo nên một bộ phim đầy cảm xúc và ý nghĩa cho khán giả."
Shin Cậu Bé Bút Chì: Đại Chiến Siêu Năng Lực Sushi Bay,Full,Hitoshi One,Nhật Bản,2023,,1,HD,,"Hài Hước, Hoạt Hình",9271,"Phim ""3DCG! Shin Cậu Bé Bút Chì: Đại Chiến Siêu Năng Lực ~Sushi Bay~"" kể về hai nguồn sáng đặc biệt từ vũ trụ mang theo siêu năng lực đặc biệt tới Trái Đất. Một nguồn sáng tích cực nhập vào nhóc Shin, khiến cặp mông của cậu trở nên nóng bỏng và có khả năng điều khiển những đồ vật xung quanh theo ý muốn. Cuộc chiến giữa siêu năng lực này hứa hẹn sẽ mang lại những tình huống hài hước và thú vị cho khán giả."
Ám Sát Phong Bạo,Full,,Trung Quốc,2023,,1,HD,,"Hình Sự, Bí ẩn",4899,"Phim Ám Sát Phong Bạo kể về kẻ giết người bí ẩn Darker, tự xưng là ""thẩm phán"", đang khiêu khích cảnh sát bằng cách gửi ""Giấy Báo Tử"" đến những người mà anh ta chọn. Mỗi người nhận được giấy này sẽ phải đối diện với cái chết dã man. Cảnh sát phải nhanh chóng tìm ra Darker trước khi thêm nhiều sinh mạng bị đe dọa."
Rebel Moon – Phần hai: Kẻ khắc vết sẹo,Full,,Âu Mỹ,2024,,1,HD,,"Hành Động, Viễn Tưởng, Chính kịch",4214,"Trên hành tinh Thế Giới Mẹ, quân kháng chiến đang chuẩn bị cho cuộc chiến chống lại các thế lực đen tối. Dù mối liên kết không thể phá vỡ được đã được thiết lập, nhưng anh hùng vẫn xuất hiện và huyền thoại mới đang được tạo nên. Trận chiến sắp diễn ra trong Rebel Moon - Phần hai: Kẻ khắc vết sẹo (Rebel Moon - Part Two: The Scargiver) hứa hẹn sẽ mang đến những cung bậc cảm xúc và điều bí ẩn đầy kịch tính."
Mỹ vị hầm ngục,Tập 16,,Nhật Bản,2024,,1,HD,,"Hành Động, Hài Hước, Viễn Tưởng, Phiêu Lưu, Khoa Học, Hoạt Hình",1092,"Hầm ngục, rồng… và món quái vật hầm thơm ngon!? Các nhà thám hiểm đột nhập vào vương quốc trúng lời nguyền bị chôn vùi để cứu bạn mình và gây náo loạn trên đường đi."
WIND BREAKER,Tập 3,,Nhật Bản,2024,,?,HD,,"Hành Động, Hoạt Hình",672,"Wind Breaker là một bộ phim hoạt hình anime xoay quanh cuộc sống của Haruka Sakura, một học sinh trung học mới chuyển đến Furin High School. Haruka không quan tâm đến những người yếu đuối, anh chỉ quan tâm đến những người mạnh nhất. Trường này nổi tiếng với sức mạnh chiến đấu của các học sinh, họ sử dụng sức mạnh để bảo vệ thị trấn khỏi bất kỳ ai muốn gây hại.

Haruka không muốn trở thành một anh hùng hoặc tham gia vào bất kỳ nhóm nào - anh chỉ muốn chiến đấu để leo lên đỉnh cao. Trong cuộc sống ở Furin High School, Haruka gặp phải nhiều thách thức và giao tranh với các đối thủ mạnh mẽ.

Bộ phim Wind Breaker được thể hiện qua giọng điệu và diễn xuất của các diễn viên lồng tiếng chính: Yuma Uchida (lồng tiếng cho Haruka Sakura), Shoya Chiba (lồng tiếng cho nhân vật khác) và Koki Uchiyama (lồng tiếng cho nhân vật khác). Câu chuyện về sự kiên cường, quyết tâm và lòng dũng cảm của Haruka Sakura sẽ khiến khán giả không thể rời mắt khỏi màn hình. Đồng thời, việc tái hiện cuộc sống và tinh thần của các học sinh trung học trong bối cảnh chiến đấu cũng là điểm thu hút của bộ phim này."
Star Wars: Biệt Đội Nhân Bản Đặc Biệt (Phần 3),Tập 11,,Âu Mỹ,2024,,15,HD,,"Hành Động, Viễn Tưởng, Phiêu Lưu, Khoa Học, Hoạt Hình",4487,"Phim Star Wars: Biệt Đội Nhân Bản Đặc Biệt (Phần 3) là một trong những bộ phim hoạt hình nổi tiếng của loạt phim Star Wars, tập trung vào cuộc phiêu lưu của The Bad Batch - một đội đặc biệt được biến đổi gene để có khả năng đặc biệt hơn người bình thường. 

Trong phần 3 này, The Bad Batch sẽ tiếp tục tham gia vào những nhiệm vụ đặc biệt và hấp dẫn, chứng minh rằng họ là những chiến binh xuất sắc và không thể thay thế. Cốt truyện của phim sẽ tiết lộ nhiều bí mật mới về quá khứ và tương lai của các nhân vật, cũng như sự phát triển của The Bad Batch sau khi Echo trở thành thành viên chính thức của đội.

Dee Bradley Baker và Michelle Ang, hai diễn viên lồng tiếng tài năng, đã mang lại sự sống động và linh hoạt cho các nhân vật trong phim. Dee Bradley Baker đã thể hiện rất thành công vai diễn của các thành viên trong The Bad Batch, từ Hunter đầy quyết đoán cho đến Tech thông minh và Crosshair lạnh lùng. Trong khi đó, Michelle Ang đã tạo ra một hình ảnh mạnh mẽ và quyến rũ cho Omega - cô gái trẻ thông minh và dũng cảm.

Với cốt truyện hấp dẫn, hình ảnh tuyệt vời và diễn xuất xuất sắc từ Dee Bradley Baker và Michelle Ang, Star Wars: Biệt Đội Nhân Bản Đặc Biệt (Phần 3) chắc chắn sẽ làm say lòng hàng triệu fan hâm mộ loạt phim Star Wars. Khán giả không thể bỏ qua cơ hội được theo dõi cuộc phiêu lưu mới mẻ và kịch tính của The Bad Batch trong phần này!"
Bánh mì cô Thắm,Full,,Philippines,2023,,1,HD,,"Tình Cảm, Chính kịch",2657,"Một cặp đôi mới cưới quyết định mời một phụ nữ tham gia vào một buổi tình dục ba người. Tuy nhiên, họ không biết rằng có một người đang theo dõi hành vi của họ. Khi buổi tình dục ba người trở thành bốn người, sự hỗn loạn bắt đầu. Đó chính là lúc khi cảnh chấn động xuất hiện trong phim ""Bánh mì cô Thắm""."
Cuộc Hẹn Sống Còn (Phần 5),Tập 2,,Nhật Bản,2024,,12 Tập,HD,,"Hành Động, Hài Hước, Viễn Tưởng, Phiêu Lưu, Khoa Học, Hoạt Hình",412,"Cuộc Hẹn Sống Còn (Phần 5) tiếp tục theo dõi cuộc phiêu lưu của Shido trong việc phong ấn các Tinh Linh để ngăn chặn thảm họa. Trải qua nhiều khó khăn và thử thách, Shido đã gặp gỡ và chiến đấu với nhiều Tinh Linh mới, từ những cô gái dễ thương đến những tên quỷ hung ác. Liệu anh có thể thành công trong nhiệm vụ của mình và bảo vệ thế giới khỏi sự tàn phá của các Tinh Linh? Cuộc Hẹn Sống Còn (Phần 5) hứa hẹn sẽ mang đến cho khán giả những phút giây căng thẳng và hồi hộp không kém phần ly kỳ."
X-Men '97,Tập 6,,Âu Mỹ,2024,,10,HD,,"Hành Động, Viễn Tưởng, Phiêu Lưu, Khoa Học, Hoạt Hình",2011,"Phim X-Men '97 là câu chuyện về nhóm X-Men, một nhóm người biến đổi gen sử dụng những khả năng phi thường của mình để bảo vệ một thế giới mà ghét bỏ và sợ hãi họ. Trong phần tiếp theo này, họ sẽ phải đối mặt với những thách thức mới chưa từng có, đối diện với một tương lai nguy hiểm và không lường trước.

Với sự xuất hiện của các diễn viên lồng tiếng hàng đầu như Ray Chase, Jennifer Hale và Alison Sealy-Smith, X-Men '97 hứa hẹn mang lại cho khán giả những cảm xúc mãnh liệt trong từng tập phim. Với sự kết hợp hoàn hảo giữa Hành Động và Viễn Tưởng, bộ phim này chắc chắn sẽ làm say lòng biết bao người yêu thích siêu anh hùng. Đón xem X-Men '97 để khám phá cuộc phiêu lưu mới của nhóm X-Men và tận hưởng những điều bất ngờ và gay cấn."
Lúc đó tôi đã chuyển sinh thành Slime: Tóm tắt mùa 1 trong một tiếng,Hoàn Tất (1/1),,Nhật Bản,2024,,1 tập,HD,,"Viễn Tưởng, Phiêu Lưu, Hoạt Hình",991,"Phim ""Lúc đó tôi đã chuyển sinh thành Slime"" kể về Satoru Mikami, một người làm công ăn lương, bất ngờ bị hồi sinh ở một thế giới khác với hình dạng của một Slime. Slime Genesis, tên mới của Mikami, trở thành bạn của các chủng tộc quái vật và sử dụng kĩ năng đặc biệt để giải quyết các vấn đề trong thế giới mới này. Mùa 1 của phim đưa người xem vào cuộc phiêu lưu thú vị và hấp dẫn của Slime Genesis trong việc khám phá và chiến đấu trong thế giới mới này."
Tu Viện Máu,Full,Michael Mohan,"Âu Mỹ, Ý",2024,,1,HD,,"Kinh Dị, Bí ẩn",5676,"Tu Viện Máu (Immaculate) là một bộ phim kinh dị và bí ẩn đầy hấp dẫn, xoay quanh câu chuyện về Cecilia - một phụ nữ sùng đạo được giao nhiệm vụ mới tại một tu viện lớn ở vùng nông thôn Ý. Ban đầu, Cecilia được chào đón nồng nhiệt và nhận thấy mọi người xung quanh rất thân thiện. Tuy nhiên, khi cô bắt đầu khám phá ngôi nhà mới của mình, cô nhận ra rằng có những bí mật kinh hoàng và đen tối ẩn chứa trong tu viện này.

Những sự kiện kỳ lạ và bí ẩn liên tục xảy ra khi Cecilia cố gắng tìm hiểu sự thật về ngôi tu viện này. Những ám ảnh và linh hồn ma quỷ xuất hiện, tạo nên không khí căng thẳng và ám ảnh cho Cecilia. Sự căng thẳng tăng lên từng ngày khi cô phải đối diện với những điều không thể giải thích được trong tu viện.

Với diễn xuất xuất sắc của các diễn viên, cốt truyện hấp dẫn và không ngừng làm khán giả bất ngờ, Tu Viện Máu đã thu hút sự chú ý của đông đảo khán giả yêu thích thể loại kinh dị và bí ẩn. Đây chắc chắn là một bộ phim không chỉ mang lại cảm giác rung rợn mà còn để lại những suy tư sâu sắc sau khi xem xong."
Biến tấu Grimm,Hoàn tất (6/6),,Nhật Bản,2024,,6,HD,,"Viễn Tưởng, Khoa Học, Hoạt Hình",390,"Phim Biến tấu Grimm (The Grimm Variations) là một bộ phim hoạt hình Nhật Bản do Misato Fukuen, Tatsuhisa Suzuki và Kenji Nojima lồng tiếng. Cốt truyện của phim lấy cảm hứng từ những câu chuyện kinh điển của anh em nhà Grimm, với sáu câu chuyện cổ tích được biến tấu đen tối. Phim vạch trần mặt tối trong ham muốn của con người thông qua các tình tiết quan trọng, mang lại cho khán giả những trải nghiệm đầy kịch tính và sâu sắc."
